{
  "feature_names": [
    "entry_price",
    "slope_1",
    "slope_2",
    "laminar",
    "bandwidth_factor",
    "rsi"
  ],
  "mean": [
    50033.08,
    0.00027,
    0.00018999999999999998,
    0.061,
    1.018,
    51.44000000000001
  ],
  "std": [
    101.90850602378603,
    0.0008695401083331349,
    0.0005629387178015028,
    0.7744604573507933,
    0.12835887191776033,
    9.334366609470617
  ]
}