{
  "mean": [
    0.015555555555555567,
    0.6239594000100329,
    0.0012534371573921252,
    2.47693770867542e-05,
    4.196841788669959e-06,
    1.6891717847839925e-05,
    1.1247065835474114e-05
  ],
  "std": [
    0.8104289368775001,
    0.37312669697316997,
    0.0007426084011353635,
    0.0007759301346077443,
    0.0005493629858837139,
    0.00037968507178553427,
    0.00022151275908536622
  ],
  "n_features": 7,
  "feature_names": [
    "laminar_level",
    "bw_factor",
    "std_dev_ratio",
    "slope_0_ratio",
    "slope_1_ratio",
    "slope_2_ratio",
    "slope_3_ratio"
  ],
  "nn_type": "Dense (Feedforward)",
  "architecture": "Large",
  "hidden_sizes": [
    512,
    256,
    128,
    64
  ]
}